yield,fiftyDayAverage,longBusinessSummary,firstTradeDateEpochUtc,bidSize,twoHundredDayAverage,previousClose,gmtOffSetMilliseconds,phone,averageDailyVolume10Day,navPrice,timeZoneShortName,trailingPE,bid,category,fiftyTwoWeekHigh,quoteType,dayLow,averageVolume10days,regularMarketVolume,ytdReturn,regularMarketPreviousClose,messageBoardId,totalAssets,trailingPegRatio,averageVolume,uuid,volume,trailingAnnualDividendYield,threeYearAverageReturn,fiveYearAverageReturn,dayHigh,timeZoneFullName,trailingAnnualDividendRate,fundInceptionDate,regularMarketOpen,regularMarketDayLow,currency,fundFamily,regularMarketDayHigh,fiftyTwoWeekLow,beta3Year,ask,forwardPE,priceHint,open,maxAge,symbol,shortName,underlyingSymbol,askSize,longName,legalType,exchange
0.0143,441.6386,"The Trust seeks to achieve its investment objective by holding a portfolio of the common stocks that are included in the index (the “Portfolio”), with the weight of each stock in the Portfolio substantially corresponding to the weight of such stock in the index.",728317800,900,409.9016,448.75,-14400000,,75626010,445.6773,EDT,22.454424,448.37,Large Blend,459.44,ETF,444.96,75626010,76693604,0.17443661,448.75,finmb_6160262,432255172608,,77279003,e97de790-7e95-3762-8917-c59fcab3735e,76693604,0.01261727,0.117136896,0.112304,449.1999,America/New_York,5.662,727660800,449.03,444.96,USD,SPDR State Street Global Advisors,449.1999,348.11,1.0,448.4,,2,449.03,86400,SPY,SPDR S&P 500,SPY,900,SPDR S&P 500 ETF Trust,Exchange Traded Fund,PCX
0.0056,368.3224,"To maintain the correspondence between the composition and weights of the securities in the trust (the ""securities"") and the stocks in the NASDAQ-100 Index®, the adviser adjusts the securities from time to time to conform to periodic changes in the identity and/or relative weights of index securities. The composition and weighting of the securities portion of a portfolio deposit are also adjusted to conform to changes in the index.",921076200,1200,314.69226,372.0,-14400000,,52091480,367.8,EDT,30.000675,0.0,Large Growth,387.98,ETF,367.15,52091480,50879109,0.3856991,372.0,finmb_8108558,213364342784,,52092616,714d32d4-5f6c-33bc-b36a-765119cb3c4c,50879109,0.0047580646,0.113415696,0.1593722,372.45,America/New_York,1.77,921024000,372.29,367.15,USD,Invesco,372.45,254.26,1.18,0.0,,2,372.29,86400,QQQ,"Invesco QQQ Trust, Series 1",QQQ,1100,Invesco QQQ Trust,Exchange Traded Fund,NGM
,1900.6385,,558279000,0,1839.5992,1947.4177,-14400000,,4082526000,,EDT,,0.0,,2030.05,INDEX,1925.1298,4082526000,0,,1947.4177,finmb_INDEXRUT,,,3923890806,e643a11d-2814-3584-8f0f-64e2a2675ae7,0,,,,1946.6622,America/New_York,,,1946.6622,1925.1298,USD,,1946.6622,1641.94,,0.0,,2,1946.6622,86400,^RUT,Russell 2000,^RUT,0,Russell 2000,,WCB
0.014199999,188.5136,"The fund generally invests at least 80% of its assets in the component securities of its underlying index and in investments that have economic characteristics that are substantially identical to the component securities of its underlying index (i.e., depositary receipts representing securities of the underlying index) and may invest up to 20% of its assets in certain futures, options and swap contracts, cash and cash equivalents.",959347800,1800,182.45586,193.08,-14400000,1-800-474-2737,24973440,191.52234,EDT,12.215027,192.71,Small Blend,201.99,ETF,190.75,24973440,21870429,0.1057699,193.08,finmb_8797658,57479774208,,30366838,600ed58e-8501-353d-a7c7-902732abdc68,21870429,0.010446447,0.0838813,0.0398142,192.88,America/New_York,2.017,958953600,192.87,190.75,USD,iShares,192.88,162.5,1.03,192.65,,2,192.87,86400,IWM,iShares Russell 2000 ETF,IWM,1100,iShares Russell 2000 ETF,Exchange Traded Fund,PCX
0.019,344.2212,"The Trust’s Portfolio consists of substantially all of the component common stocks that comprise the DJIA, which are weighted in accordance with the terms of the Trust Agreement.",885306600,800,335.9465,353.02,-14400000,866.787.2257,3370520,351.2157,EDT,20.78937,0.0,Large Value,356.7,ETF,350.56,3370520,2826548,0.0718268,353.02,finmb_6184218,31154642944,,3209927,6c158591-4e0c-35b9-b97d-df821c43c9ab,2826548,0.015919778,0.1061187,0.0878041,353.676,America/New_York,5.62,884649600,352.87,350.56,USD,SPDR State Street Global Advisors,353.676,286.62,0.92,353.19,,2,352.87,86400,DIA,SPDR Dow Jones Industrial Avera,DIA,800,SPDR Dow Jones Industrial Average ETF Trust,Exchange Traded Fund,PCX
0.0212,72.5478,"The fund generally will invest at least 80% of its assets in the component securities of its underlying index and in investments that have economic characteristics that are substantially identical to the component securities of its underlying index. The index is a free float-adjusted, market capitalization-weighted index designed to measure large- and mid-capitalization equity market performance of developed markets outside of the U.S. and Canada.",998919000,29200,69.78305,72.33,-14400000,1-800-474-2737,14207310,72.29016,EDT,13.839176,72.91,Foreign Large Blend,74.74,ETF,72.1929,14207310,12181371,0.121993,72.33,finmb_8797589,51422085120,,15303453,295e051a-b466-35f1-a47a-f082cf335405,12181371,0.024346745,0.0743631,0.0417319,72.62,America/New_York,1.761,997747200,72.43,72.1929,USD,iShares,72.62,54.61,1.09,73.16,,2,72.43,86400,EFA,iShares MSCI EAFE ETF,EFA,1200,iShares MSCI EAFE ETF,Exchange Traded Fund,PCX
0.021300001,40.1574,The fund generally will invest at least 80% of its assets in the component securities of its underlying index and in investments that have economic characteristics that are substantially identical to the component securities of its underlying index. The index is designed to measure equity market performance in the global emerging markets. The underlying index includes large- and mid-capitalization companies and may change over time.,1050327000,1300,39.14915,39.99,-14400000,,29043030,40.24154,EDT,11.288506,40.19,Diversified Emerging Mkts,42.53,ETF,39.93,29043030,27888030,0.06611,39.99,finmb_8797528,24941096960,,30027622,328e4185-22bb-3cfc-89f2-569ce5e32229,27888030,0.019004751,-0.0095977,0.0028733998,40.275,America/New_York,0.76,1049673600,40.25,39.93,USD,iShares,40.275,33.49,0.92,40.27,,2,40.25,86400,EEM,iShares MSCI Emerging Index Fun,EEM,38800,iShares MSCI Emerging Markets ETF,Exchange Traded Fund,PCX
0.0194,33.946,"The fund generally invests substantially all, but at least 95%, of its total assets in the securities comprising the index. The index includes companies that have been identified as Financial companies by the Global Industry Classification Standard, including securities of companies from the following industries: financial services; insurance; banks; capital markets; mortgage real estate investment trusts; and consumer finance. The fund is non-diversified.",914337000,47300,34.04335,35.08,-14400000,,35723840,34.80484,EDT,15.801695,35.0,Financial,37.11,ETF,34.78,35723840,37577163,0.027748499,35.08,finmb_8795483,35948523520,,40751259,8c79bf33-80b0-3f96-8327-6dc8d8f35dd0,37577163,0.016533636,0.14121139,0.0644613,35.16,America/New_York,0.58,913766400,35.06,34.78,USD,SPDR State Street Global Advisors,35.16,29.59,1.09,35.03,,2,35.06,86400,XLF,SPDR Select Sector Fund - Finan,XLF,29200,Financial Select Sector SPDR Fund,Exchange Traded Fund,PCX
0.0367,82.1634,"In seeking to track the performance of the index, the fund employs a replication strategy. It generally invests substantially all, but at least 95%, of its total assets in the securities comprising the index. The index includes companies that have been identified as Energy companies by the GICS®, including securities of companies from the following industries: oil, gas and consumable fuels; and energy equipment and services. It is non-diversified.",914337000,1300,84.88055,87.45,-14400000,,19454070,88.50026,EDT,8.197662,88.96,Equity Energy,94.71,ETF,87.75,19454070,26022703,0.0319219,87.45,finmb_8795479,37095784448,,19392117,352d3b13-85c9-3cf9-9325-626eb84dbe4f,26022703,0.02469983,0.3975169,0.088148296,89.36,America/New_York,2.16,913766400,88.3,87.75,USD,SPDR State Street Global Advisors,89.36,68.66,1.08,89.0,,2,88.3,86400,XLE,SPDR Select Sector Fund - Energ,XLE,4000,Energy Select Sector SPDR Fund,Exchange Traded Fund,PCX
0.0313,66.0378,"In seeking to track the performance of the index, the fund employs a replication strategy. It generally invests substantially all, but at least 95%, of its total assets in the securities comprising the index. The index includes securities of companies from the following industries: electric utilities; water utilities; multi-utilities; independent power and renewable electricity producers; and gas utilities. The fund is non-diversified.",914337000,4000,67.74475,64.28,-14400000,,15024660,64.41522,EDT,22.664717,64.52,Utilities,78.22,ETF,64.14,15024660,13010177,-0.0720762,64.28,finmb_8795452,15624821760,,13854201,f6d3d826-2d81-3b87-92ab-ee5343f2460e,13010177,0.030336032,0.0473572,0.072525,64.99,America/New_York,1.95,913766400,64.25,64.14,USD,SPDR State Street Global Advisors,64.99,60.35,0.55,64.73,,2,64.25,86400,XLU,SPDR Select Sector Fund - Utili,XLU,1800,Utilities Select Sector SPDR Fund,Exchange Traded Fund,PCX
0.0076,172.0758,"In seeking to track the performance of the index, the fund employs a replication strategy, which means that the fund typically invests in substantially all of the securities represented in the index in approximately the same proportions as the index. It generally invests substantially all, but at least 95%, of its total assets in the securities comprising the index. The fund is non-diversified.",914337000,800,146.66095,170.32,-14400000,,6049790,168.05946,EDT,31.854185,169.13,Technology,181.46,ETF,167.54,6049790,7148682,0.35683382,170.32,finmb_8795639,51633971200,,6540129,831b3a60-ccb6-34f6-850a-b0a55559f044,7148682,0.006476045,0.149079,0.192636,170.55,America/New_York,1.103,913766400,170.55,167.54,USD,SPDR State Street Global Advisors,170.55,112.97,1.21,169.37,,2,170.55,86400,XLK,SPDR Select Sector Fund - Techn,XLK,1200,Technology Select Sector SPDR Fund,Exchange Traded Fund,PCX
0.0154,106.2522,"Under normal market conditions, the fund generally invests substantially all, but at least 95%, of its total assets in the securities comprising the index. The index includes companies that have been identified as Industrial companies by the Global Industry Classification Standard, including securities of companies from the following industries: aerospace and defense; industrial conglomerates; marine transportation. It is non-diversified.",914337000,3200,101.0488,109.07,-14400000,,8743710,108.98894,EDT,23.411276,109.48,Industrials,111.12,ETF,108.6,8743710,7823541,0.1189491,109.07,finmb_8795505,16173811712,,10364680,5a267d66-00d0-393d-95ad-4ca802a0d6fd,7823541,0.011368846,0.1498164,0.0952003,109.5,America/New_York,1.24,913766400,109.08,108.6,USD,SPDR State Street Global Advisors,109.5,82.75,1.12,109.66,,2,109.08,86400,XLI,SPDR Select Sector Fund - Indus,XLI,1100,Industrial Select Sector SPDR Fund,Exchange Traded Fund,PCX
0.019199999,81.813,"In seeking to track the performance of the index, the fund employs a replication strategy. It generally invests substantially all, but at least 95%, of its total assets in the securities comprising the index. The index includes securities of companies from the following industries: chemicals; metals and mining; paper and forest products; containers and packaging; and construction materials. The fund is non-diversified.",914337000,800,80.308,83.23,-14400000,,7176650,82.87455,EDT,15.959728,83.24,Natural Resources,85.9,ETF,82.78,7176650,7963132,0.0769464,83.23,finmb_8795509,6816154624,,6340850,89216834-aae8-3891-8bd6-dbad9087f655,7963132,0.016700707,0.1255374,0.0909262,83.72,America/New_York,1.39,913766400,83.55,82.78,USD,SPDR State Street Global Advisors,83.72,66.85,1.13,83.55,,2,83.55,86400,XLB,Materials Select Sector SPDR,XLB,2900,Materials Select Sector SPDR Fund,Exchange Traded Fund,PCX
0.024600001,74.2404,"In seeking to track the performance of the index, the fund employs a replication strategy. It generally invests substantially all, but at least 95%, of its total assets in the securities comprising the index. The index includes companies that have been identified as Consumer Staples companies by the GICS®. It is non-diversified.",914337000,3200,74.2404,74.72,-14400000,,10162350,74.81093,EDT,25.51213,74.94,Consumer Defensive,77.82,ETF,74.64,10162350,11846017,0.0157205,74.72,finmb_2668776,18196486144,,12134708,6ee71b7d-617f-3cc4-9dab-bfaa73990257,11846017,0.023153104,0.083469,0.09858131,75.22,America/New_York,1.73,913766400,74.76,74.64,USD,SPDR State Street Global Advisors,75.22,66.18,0.6,75.1,,2,74.76,86400,XLP,SPDR Select Sector Fund - Consu,XLP,800,Consumer Staples Select Sector SPDR Fund,Exchange Traded Fund,PCX
0.0156,131.8764,"In seeking to track the performance of the index, the fund employs a replication strategy. It generally invests substantially all, but at least 95%, of its total assets in the securities comprising the index. The index includes companies from the following industries: pharmaceuticals; health care equipment & supplies; health care providers & services; biotechnology; life sciences tools & services; and health care technology. The fund is non-diversified.",914337000,1000,132.34175,134.96,-14400000,,10495760,134.88799,EDT,22.859732,135.19,Health,141.77,ETF,134.75,10495760,9826828,0.0010925,134.96,finmb_8795490,40065622016,,9605358,72ee34b0-f83a-34a3-bba0-c460262a0e63,9826828,0.01341138,0.0991395,0.1032597,135.65,America/New_York,1.81,913766400,134.84,134.75,USD,SPDR State Street Global Advisors,135.65,119.95,0.67,135.46,,2,134.84,86400,XLV,SPDR Select Sector Fund - Healt,XLV,1400,Health Care Select Sector SPDR Fund,Exchange Traded Fund,PCX
0.0084,167.693,"The Advisor employs a replication strategy. The fund generally invests substantially all, but at least 95%, of its total assets in the securities comprising the index. The index includes companies that have been identified as Consumer Discretionary companies by the Global Industry Classification Standard (GICS®). It is non-diversified.",914337000,900,149.1684,171.93,-14400000,,4309200,169.8836,EDT,26.525425,170.76,Consumer Cyclical,177.8,ETF,169.6,4309200,4516926,0.3219805,171.93,finmb_8795473,17699805184,,4807588,28a08817-083c-3148-9471-debb4b8d7ed7,4516926,0.0068050954,0.0741537,0.0948895,172.18,America/New_York,1.17,913766400,172.17,169.6,USD,SPDR State Street Global Advisors,172.18,126.0,1.19,171.44,,2,172.17,86400,XLY,SPDR Select Sector Fund - Consu,XLY,800,Consumer Discretionary Select Sector SPDR Fund,Exchange Traded Fund,PCX
0.0,84.536,"In seeking to track the performance of the S&P Biotechnology Select Industry Index (the ""index""), the fund employs a sampling strategy. It generally invests substantially all, but at least 80%, of its total assets in the securities comprising the index. The index represents the biotechnology segment of the S&P Total Market Index (""S&P TMI"").",1139236200,1400,82.78325,79.33,-14400000,,6893240,79.30586,EDT,,79.28,Health,95.18,ETF,78.745,6893240,6388670,-0.0450317,79.33,finmb_26755274,6574079488,,6709353,a363c346-ce7b-339c-81c6-27676f90caf3,6388670,,-0.1132255,-0.035429798,80.26,America/New_York,,1138665600,79.66,78.745,USD,SPDR State Street Global Advisors,80.26,72.44,0.74,79.91,,2,79.66,86400,XBI,SPDR Series Trust  SPDR S&P Bio,XBI,900,SPDR S&P Biotech ETF,Exchange Traded Fund,PCX
0.0083,79.467,"In seeking to track the performance of the S&P Homebuilders Select Industry Index (the ""index""), the fund employs a sampling strategy. It generally invests substantially all, but at least 80%, of its total assets in the securities comprising the index. The index represents the homebuilders segment of the S&P Total Market Index (""S&P TMI"").",1139236200,900,68.83245,84.65,-14400000,,2593160,83.89032,EDT,12.505515,82.61,Consumer Cyclical,85.13,ETF,83.64,2593160,1868031,0.39784852,84.65,finmb_26752346,1466486400,,2807737,f3b9adfe-a7ce-35bc-808b-6c6815ec00ab,1868031,,0.1903901,0.17189051,84.55,America/New_York,,1138665600,84.4,83.64,USD,SPDR State Street Global Advisors,84.55,52.99,1.2,84.97,,2,84.4,86400,XHB,SPDR Series Trust SPDR Homebuil,XHB,1800,SPDR S&P Homebuilders ETF,Exchange Traded Fund,PCX
0.0164,50.393,"In seeking to track the performance of the S&P Metals & Mining Select Industry Index (the ""index""), the fund employs a sampling strategy. It generally invests substantially all, but at least 80%, of its total assets in the securities comprising the index. The index represents the metals and mining segment of the S&P Total Market Index (""S&P TMI""). The fund is non-diversified.",1150983000,2900,51.50895,51.73,-14400000,,2390490,51.68328,EDT,5.3673444,50.4,Natural Resources,59.24,ETF,51.47,2390490,1777738,0.045103896,51.73,finmb_27776009,1966922496,,3077441,599ae44d-268f-359f-9ab7-53ba548c7d43,1777738,0.0061859656,0.3004857,0.0991667,52.04,America/New_York,0.32,1150675200,51.9,51.47,USD,SPDR State Street Global Advisors,52.04,40.76,1.48,0.0,,2,51.9,86400,XME,SPDR S&P Metals & Mining ETF,XME,1200,SPDR S&P Metals and Mining ETF,Exchange Traded Fund,PCX
0.0272,131.0848,"In seeking to track the performance of the S&P Oil & Gas Exploration & Production Select Industry Index, the fund employs a sampling strategy. It generally invests substantially all, but at least 80%, of its total assets in the securities comprising the index. The index represents the oil and gas exploration and production segment of the S&P Total Market Index (""S&P TMI"").",1150983000,800,134.2327,146.39,-14400000,,3993050,148.40224,EDT,4.960662,147.26,Equity Energy,161.42,ETF,146.83,3993050,4331206,0.107811406,146.39,finmb_27776185,3848357376,,4287650,6084768f-476f-3f10-a179-98b65240e633,4331206,0.009495184,0.4327222,-0.0003014,150.43,America/New_York,1.39,1150675200,148.05,146.83,USD,SPDR State Street Global Advisors,150.43,114.16,1.33,151.59,-14834.0,2,148.05,86400,XOP,SPDR S&P Oil & Gas Explor & Pro,XOP,1100,SPDR S&P Oil & Gas Exploration & Production ETF,Exchange Traded Fund,PCX
0.0207,63.99,"In seeking to track the performance of the S&P Retail Select Industry Index (the ""index""), the fund employs a sampling strategy. It generally invests substantially all, but at least 80%, of its total assets in the securities comprising the index. The index represents the retail segment of the S&P Total Market Index (""S&P TMI"").",1150983000,3000,63.76445,66.24,-14400000,,4043760,66.00733,EDT,11.707059,63.68,Consumer Cyclical,75.79,ETF,65.78,4043760,4375549,0.100806504,66.24,finmb_27776413,437029568,,5240896,4845b8fe-5647-3efc-83de-8b2ec3667940,4375549,0.007865339,0.110704005,0.0709724,66.71,America/New_York,0.521,1150675200,66.7,65.78,USD,SPDR State Street Global Advisors,66.71,55.32,1.3,67.22,,2,66.7,86400,XRT,SPDR S&P Retail ETF,XRT,2200,SPDR S&P Retail ETF,Exchange Traded Fund,PCX
0.0038,82.2636,"In seeking to track the performance of the S&P Oil & Gas Equipment & Services Select Industry Index, the fund employs a sampling strategy. It generally invests substantially all, but at least 80%, of its total assets in the securities comprising the index. The index represents the oil and gas equipment and services segment of the S&P Total Market Index (""S&P TMI"").",1150983000,1000,79.20745,93.45,-14400000,,125420,94.4112,EDT,22.086124,89.58,Equity Energy,96.38,ETF,94.12,125420,135508,0.1876483,93.45,finmb_27776147,350714240,,96041,1a6c2cec-9000-34f6-afc0-6042c5f4e777,135508,0.006527555,0.3793366,-0.0958366,96.38,America/New_York,0.61,1150675200,94.12,94.12,USD,SPDR State Street Global Advisors,96.38,51.63,1.65,0.0,,2,94.12,86400,XES,SPDR Series Trust SPDR S&P Oil ,XES,900,SPDR S&P Oil & Gas Equipment & Services ETF,Exchange Traded Fund,PCX
0.0018000001,134.0126,"In seeking to track the performance of the S&P Software & Services Select Industry Index (the ""index""), the fund employs a sampling strategy. It generally invests substantially all, but at least 80%, of its total assets in the securities comprising the index. The index represents the software and services segment of the S&P Total Market Index (""S&P TMI"").",1317303000,800,120.501,132.6616,-14400000,,12710,130.20021,EDT,,0.0,Technology,143.89,ETF,129.86,12710,11407,0.198836,132.6616,finmb_141049102,333165120,,18901,85ab3177-0a1f-3f63-8458-20e804206bc6,11407,,0.030795,0.0887932,132.59,America/New_York,,1317168000,132.59,129.86,USD,SPDR State Street Global Advisors,132.59,100.83,1.12,0.0,,2,132.59,86400,XSW,SPDR S&P Software & Services ET,XSW,1100,SPDR S&P Software & Services ETF,Exchange Traded Fund,PCX
0.0034,218.1684,"In seeking to track the performance of the S&P Semiconductor Select Industry Index (the ""index""), the fund employs a sampling strategy. It generally invests substantially all, but at least 80%, of its total assets in the securities comprising the index. The index represents the semiconductors segment of the S&P Total Market Index (""S&P TMI"").",1139236200,800,194.02995,216.28,-14400000,,64110,212.57286,EDT,24.108736,0.0,Technology,233.01,ETF,211.19,64110,56861,0.2738744,216.28,finmb_26752143,1677391232,,84333,0cd3581b-75ed-3226-a50f-b1ed89c665cf,56861,0.0020344,0.1941651,0.23189871,216.26,America/New_York,0.44,1138665600,216.26,211.19,USD,SPDR State Street Global Advisors,216.26,138.65,1.48,0.0,,2,216.26,86400,XSD,SPDR S&P Semiconductor ETF,XSD,900,SPDR S&P Semiconductor ETF,Exchange Traded Fund,PCX
0.0068,82.1386,"In seeking to track the performance of the S&P Transportation Select Industry Index (the ""index""), the fund employs a sampling strategy. It generally invests substantially all, but at least 80%, of its total assets in the securities comprising the index. The index represents the transportation segment of the S&P Total Market Index (""S&P TMI"").",1296138600,800,75.05465,84.98,-14400000,,27210,84.08779,EDT,12.20882,0.0,Industrials,88.14,ETF,84.06,27210,10578,0.25601378,84.98,finmb_118789341,270578912,,27048,5da217af-8d9d-3c2a-91d5-16c9b747c0cf,10578,,0.1465526,0.0590518,84.84,America/New_York,,1296000000,84.82,84.06,USD,SPDR State Street Global Advisors,84.84,63.47,1.38,0.0,,2,84.82,86400,XTN,SPDR S&P Transportation ETF,XTN,800,SPDR S&P Transportation ETF,Exchange Traded Fund,PCX
0.0046,120.4252,"In seeking to track the performance of the S&P Aerospace & Defense Select Industry Index (the ""index""), the fund employs a sampling strategy. It generally invests substantially all, but at least 80%, of its total assets in the securities comprising the index. The index represents the aerospace and defense segment of the S&P Total Market Index (""S&P TMI"").",1317303000,900,115.06865,122.28,-14400000,,54390,122.47482,EDT,27.160965,0.0,Industrials,125.42,ETF,122.03,54390,65634,0.1162808,122.28,finmb_141049103,1594678784,,57287,a336373e-fa12-3d23-8122-330ec0768e3d,65634,0.0,0.11144029,0.0628659,123.62,America/New_York,0.0,1317168000,123.15,122.03,USD,SPDR State Street Global Advisors,123.62,91.37,1.16,0.0,,2,123.15,86400,XAR,SPDR S&P Aerospace & Defense ET,XAR,1000,SPDR S&P Aerospace & Defense ETF,Exchange Traded Fund,PCX
0.0374,107.1732,"The fund will invest at least 80% of its assets in the component securities of the underlying index, and it will invest at least 90% of its assets in fixed income securities of the types included in the underlying index that the advisor believes will help the fund track the underlying index. The underlying index is designed to provide a broad representation of the U.S. dollar-denominated liquid investment-grade corporate bond market.",1028035800,2900,107.3761,106.06,-14400000,1-800-474-2737,21175110,106.13159,EDT,32.101604,105.32,Corporate Bond,114.98,ETF,106.055,21175110,11494979,0.03042,106.06,finmb_8797348,36851171328,,19807270,c043b6a2-e736-3790-a8b9-949631fc099a,11494979,0.030086745,-0.0583443,0.014703601,106.31,America/New_York,3.191,1027296000,106.2,106.055,USD,iShares,106.31,98.41,1.57,109.99,,2,106.2,86400,LQD,iShares iBoxx $ Investment Grad,LQD,1400,iShares iBoxx $ Investment Grade Corporate Bond ETF,Exchange Traded Fund,PCX
0.0231,81.1568,The fund will invest at least 80% of its assets in the component securities of the underlying index and it will invest at least 90% of its assets in U.S. Treasury securities that BFA believes will help the fund track the underlying index. The underlying index measures the performance of public obligations of the U.S. Treasury that have a remaining maturity of greater than or equal to one year and less than three years.,1028035800,29200,81.4412,81.14,-14400000,1-800-474-2737,4896860,81.06476,EDT,3685.909,0.0,Short Government,82.74,ETF,81.08,4896860,3197712,0.0151009,81.14,finmb_8797409,25803266048,,5417027,f1e150c7-2018-31c4-b84e-a4f346d68be5,3197712,0.0038575302,-0.0104799,0.0090189995,81.16,America/New_York,0.313,1027296000,81.13,81.08,USD,iShares,81.16,80.48,0.26,0.0,,2,81.13,86400,SHY,iShares 1-3 Year Treasury Bond ,SHY,36200,iShares 1-3 Year Treasury Bond ETF,Exchange Traded Fund,NGM
0.0335,110.2032,"The fund will invest at least 80% of its assets in the component securities of the underlying index, and it will invest at least 90% of its assets in U.S. Treasury securities that BFA believes will help the fund track the underlying index. The index measures the performance of public obligations of the U.S. Treasury that have a remaining maturity of less than or equal to one year.",1168525800,2200,110.1282,110.1,-14400000,1-800-474-2737,2328320,110.09446,EDT,,0.0,Ultrashort Bond,110.5,ETF,110.11,2328320,2446160,0.0277742,110.1,finmb_31131108,19947001856,,3157974,b9b54bd6-cda1-32ad-a73e-b0dd51e719ab,2446160,0.0,0.0119973,0.0151651,110.13,America/New_York,0.0,1167955200,110.13,110.11,USD,iShares,110.13,109.73,0.02,0.0,,2,110.13,86400,SHV,iShares Short Treasury Bond ETF,SHV,28000,iShares Short Treasury Bond ETF,Exchange Traded Fund,NGM
0.0305,101.0232,"The fund will invest at least 80% of its assets in the component securities of the underlying index, and it will invest at least 90% of its assets in U.S. Treasury securities that the advisor believes will help the fund track the underlying index. The underlying index measures the performance of public obligations of the U.S. Treasury that have a remaining maturity greater than or equal to twenty years.",1028035800,1400,102.8067,96.69,-14400000,1-800-474-2737,35542410,97.13457,EDT,,0.0,Long Government,117.06,ETF,96.84,35542410,20105381,-0.0057716,96.69,finmb_8797414,43548020736,,25234033,f613eb1c-3d8f-3b08-afb9-72fd728b533a,20105381,0.022256695,-0.1525105,-0.0203486,97.285,America/New_York,2.152,1027296000,96.88,96.84,USD,iShares,97.285,91.85,2.1,0.0,-3239.6667,2,96.88,86400,TLT,iShares 20+ Year Treasury Bond ,TLT,800,iShares 20+ Year Treasury Bond ETF,Exchange Traded Fund,NGM
0.023,22.8606,The fund will invest at least 80% of its assets in the component securities of the underlying index and will invest at least 90% of its assets in U.S. Treasury securities that BFA believes will help the fund track the underlying index. The underlying index includes publicly-issued U.S. Treasury securities that have a remaining maturity greater than one year and less than or equal to thirty years and have $300 million or more of outstanding face value.,1330093800,43500,22.9997,22.64,-14400000,1-800-474-2737,6944970,22.64252,EDT,,22.33,Intermediate Government,24.1,ETF,22.63,6944970,5805929,0.0118604,22.64,finmb_170834319,24182872064,,10124406,93362a7f-fa2d-34a4-baf9-aa4f8aa99c0b,5805929,,-0.0536096,0.0027576,22.68,America/New_York,,1329177600,22.645,22.63,USD,iShares,22.68,22.13,0.86,23.01,,2,22.645,86400,GOVT,iShares U.S. Treasury Bond ETF,GOVT,45900,iShares U.S. Treasury Bond ETF,Exchange Traded Fund,BTS
0.0255,96.3526,"The underlying index measures the performance of public obligations of the U.S. Treasury that have a remaining maturity of greater than or equal to seven years and less than ten years. The fund will invest at least 80% of its assets in the component securities of the underlying index, and the fund will invest at least 90% of its assets in U.S. Treasury securities that the advisor believes will help the fund track the underlying index.",1028035800,3200,97.29185,95.3,-14400000,1-800-474-2737,7236090,95.32282,EDT,,0.0,Long Government,104.33,ETF,95.26,7236090,5284706,0.011570999,95.3,finmb_8797472,29076992000,,6993554,23cc037b-8361-34e8-886c-b9963a0c5e2b,5284706,0.00980063,-0.0659718,0.0036511999,95.5156,America/New_York,0.934,1027296000,95.3,95.26,USD,iShares,95.5156,92.48,1.18,0.0,,2,95.3,86400,IEF,iShares 7-10 Year Treasury Bond,IEF,41800,iShares 7-10 Year Treasury Bond ETF,Exchange Traded Fund,NGM
0.0347,91.6142,"The fund invests substantially all, but at least 80%, of its total assets in the securities comprising the index and in securities that the Adviser determines have economic characteristics that are substantially identical to the economic characteristics of the securities that comprise the index. The index measures the performance of public obligations of the U.S. Treasury that have a remaining maturity of greater than or equal to 1 month and less than 3 months.",1180531800,312300,91.58705,91.52,-14400000,,6537270,91.51554,EDT,,0.0,Ultrashort Bond,91.85,ETF,91.53,6537270,4255624,0.0278161,91.52,finmb_34697630,27481858048,,6315983,083177d9-d6f3-3d95-96de-3c8eac596f99,4255624,,0.0134930005,0.014603999,91.54,America/New_York,,1180051200,91.53,91.53,USD,SPDR State Street Global Advisors,91.54,91.33,0.0,0.0,,2,91.53,86400,BIL,SPDR Bloomberg 1-3 Month T-Bill,BIL,381200,SPDR Bloomberg 1-3 Month T-Bill ETF,Exchange Traded Fund,PCX
0.019299999,115.48,"The index measures the performance of public obligations of the U.S. Treasury that have a remaining maturity of greater than or equal to three years and less than seven years. The fund will invest at least 80% of its assets in the component securities of the index, and the fund will invest at least 90% of its assets in U.S. Treasury securities that BFA believes will help the fund track the index.",1168525800,4000,116.02235,115.22,-14400000,1-800-474-2737,1510000,115.12226,EDT,,0.0,Intermediate Government,120.29,ETF,115.12,1510000,970291,0.0149202,115.22,finmb_31130963,13348440064,,1601979,13a6964b-f6d8-3bc5-9523-f18ef28d0aeb,970291,,-0.0372491,0.0071897,115.33,America/New_York,,1167955200,115.23,115.12,USD,iShares,115.33,112.26,0.72,0.0,,2,115.23,86400,IEI,iShares 3-7 Year Treasury Bond ,IEI,900,iShares 3-7 Year Treasury Bond ETF,Exchange Traded Fund,NGM
0.0231,57.7784,"The fund employs an indexing investment approach designed to track the performance of the Bloomberg US Treasury 1-3 Year Index. This index includes fixed income securities issued by the U.S. Treasury (not including inflation-protected securities, floating rate securities and certain other security types), all with maturities between 1 and 3 years. At least 80% of the fund's assets will be invested in bonds included in the index.",1258986600,42300,57.99755,57.74,-14400000,,2399350,57.69,EDT,,0.0,Short Government,58.93,ETF,57.71,2399350,1704394,0.0158769,57.74,finmb_81834845,27048695808,,3045151,75b7f69f-fe17-3f77-a573-ca4627b7b930,1704394,,-0.009717,0.0098894,57.76,America/New_York,,1258588800,57.74,57.71,USD,Vanguard,57.76,57.31,0.26,0.0,,2,57.74,86400,VGSH,Vanguard Short-Term Treasury ET,VGSH,29200,Vanguard Short-Term Treasury Index Fund,Exchange Traded Fund,NGM
0.0273,48.0878,"The fund will invest at least 90% of its net assets (including, for this purpose, any borrowings for investment purposes) in securities included in the index. The index includes all publicly-issued U.S. Treasury securities that have a remaining maturity of greater than or equal to one year and less than three years, are rated investment grade, and have $300 million or more of outstanding face value. The securities in the index must be denominated in U.S. dollars and must be fixed-rate and non-convertible.",1281015000,45100,48.3422,48.03,-14400000,1-800-435-4000,1441820,47.99,EDT,,47.48,Short Government,49.15,ETF,47.99,1441820,1608682,0.0159523,48.03,finmb_111311606,12446209024,,2487412,e70f69f9-c230-3d57-8f50-defda610f75c,1608682,0.0,-0.0098012,0.0097767,48.04,America/New_York,0.0,1280966400,48.03,47.99,USD,Schwab ETFs,48.04,47.71,0.26,0.0,,2,48.03,86400,SCHO,Schwab Short-Term U.S. Treasury,SCHO,42300,Schwab Short-Term U.S. Treasury ETF,Exchange Traded Fund,PCX
0.0231,58.701,"The fund employs an indexing investment approach designed to track the performance of the Bloomberg U.S. Treasury 3-10 Year Index. This index includes fixed income securities issued by the U.S. Treasury (not including inflation-protected bonds, floating rate securities and certain other security types), with maturities between 3 and 10 years. At least 80% of the fund's assets will be invested in bonds included in the index.",1258986600,42300,59.0906,58.44,-14400000,,2560700,58.41,EDT,,0.0,Intermediate Government,61.74,ETF,58.41,2560700,1505148,0.0139362,58.44,finmb_81834765,20724660224,,2526824,e0e7bd1b-4d4f-3cc4-bff8-741a004f34f1,1505148,0.0,-0.042459402,0.0073506,58.53,America/New_York,0.0,1280880000,58.46,58.41,USD,Vanguard,58.53,57.08,0.82,0.0,,2,58.46,86400,VGIT,Vanguard Intermediate-Term Trea,VGIT,1000,Vanguard Intermediate-Term Treasury Index Fund,Exchange Traded Fund,NGM
0.0279,49.307,"The fund will invest at least 90% of its net assets (including, for this purpose, any borrowings for investment purposes) in securities included in the index. The index includes all publicly-issued U.S. Treasury securities that have a remaining maturity of greater than or equal to three years and less than ten years, are rated investment grade, and have $300 million or more of outstanding face value. The securities in the index must be denominated in U.S. dollars and must be fixed-rate and non-convertible.",1281015000,46000,49.69475,49.07,-14400000,1-800-435-4000,738470,49.05,EDT,,0.0,Intermediate Government,52.08,ETF,49.0335,738470,595748,0.0141038,49.07,finmb_111311605,7433145344,,861409,d486e5f7-8383-390b-8fcc-49b77f83790d,595748,,-0.0425338,0.0072626,49.13,America/New_York,,1280966400,49.07,49.0335,USD,Schwab ETFs,49.13,48.09,0.82,53.74,,2,49.07,86400,SCHR,Schwab Intermediate-Term U.S. T,SCHR,46000,Schwab Intermediate-Term U.S. Treasury ETF,Exchange Traded Fund,PCX
0.025899999,28.8206,"The fund invests at least 80%, of its total assets in the securities comprising the index and in securities that the Adviser determines have economic characteristics that are substantially identical to the economic characteristics of the securities that comprise the index. The index is designed to measure the performance of short term (1-3 years) public obligations of the U.S. Treasury.",1322749800,40700,28.9634,28.8,-14400000,,2836960,28.77462,EDT,,0.0,Short Government,29.44,ETF,28.78,2836960,2572719,0.0159481,28.8,finmb_143773982,5333299712,,3146916,ff336ce5-bee8-3e2c-951d-b35bc1d231eb,2572719,,-0.0098837,0.0099585,28.81,America/New_York,,1322611200,28.79,28.78,USD,SPDR State Street Global Advisors,28.81,28.6,0.26,0.0,,2,28.79,86400,SPTS,SPDR Portfolio Short Term Treas,SPTS,40000,SPDR Portfolio Short Term Treasury ETF,Exchange Traded Fund,PCX
0.0228,28.3112,"The fund generally invests substantially all, but at least 80%, of its total assets in the securities comprising the index and in securities that the Adviser determines have economic characteristics that are substantially identical to the economic characteristics of the securities that comprise the index. The index is designed to measure the performance of intermediate term (3-10 years) public obligations of the U.S. Treasury.",1180531800,27000,28.51625,28.17,-14400000,,3081590,28.16278,EDT,,0.0,Intermediate Government,29.79,ETF,28.155,3081590,2840218,0.0131716,28.17,finmb_34697694,3944101632,,4545353,cffc00fb-6305-3cb6-85cc-5c8360d0200c,2840218,0.0,-0.042967603,0.0071741003,28.21,America/New_York,0.0,1179878400,28.18,28.155,USD,SPDR State Street Global Advisors,28.21,27.55,0.82,30.86,,2,28.18,86400,SPTI,SPDR Portfolio Intermediate Ter,SPTI,21500,SPDR Portfolio Intermediate Term Treasury ETF,Exchange Traded Fund,PCX
0.0299,29.4374,"The fund generally invests substantially all, but at least 80%, of its total assets in the securities comprising the index and in securities that the adviser determines have economic characteristics that are substantially identical to the economic characteristics of the securities that comprise the index. The index is designed to measure the performance of public obligations of the U.S. Treasury that have a remaining maturity of 10 years or more.",1180531800,36900,29.90015,28.33,-14400000,,5889010,28.45989,EDT,,28.18,Long Government,33.69,ETF,28.385,5889010,4344294,-0.0020752,28.33,finmb_34697697,6951619584,,4858243,b81c8fc9-9be2-3555-bcf6-126b681d33ce,4344294,,-0.1445974,-0.0156465,28.505,America/New_York,,1179878400,28.39,28.385,USD,SPDR State Street Global Advisors,28.505,26.87,2.01,28.59,,2,28.39,86400,SPTL,SPDR Portfolio Long Term Treasu,SPTL,4000,SPDR Portfolio Long Term Treasury ETF,Exchange Traded Fund,PCX
0.0339,99.8564,The fund seeks to achieve its investment objective by investing at least 80% of its assets (exclusive of collateral held from securities lending) in securities included in its underlying index. The index is designed to measure the performance of U.S. Treasury Securities with a maximum remaining maturity of 12 months. The investment adviser uses a representative sampling strategy to manage the fund.,1473859800,3000,99.84685,99.75,-14400000,,524860,99.76,EDT,,99.8,Ultrashort Bond,100.18,ETF,99.77,524860,346074,0.026631601,99.75,finmb_379291762,5454323712,,655938,11435e28-b41f-3ffe-a697-e3a4aece0359,346074,0.0,0.0120364,0.0150728,99.78,America/New_York,0.0,1473120000,99.78,99.77,USD,Goldman Sachs,99.78,99.56,0.02,99.82,,2,99.78,86400,GBIL,Goldman Sachs Access Treasury 0,GBIL,3100,Goldman Sachs Access Treasury 0-1 Year ETF,Exchange Traded Fund,PCX
0.0306,62.5022,"The fund employs an indexing investment approach designed to track the performance of the Bloomberg U.S. Long Treasury Index. This index includes fixed income securities issued by the U.S. Treasury (not including inflation-protected bonds, floating rate securities and certain other security types), with maturities greater than 10 years. Under normal circumstances, at least 80% of the fund's assets will be invested in bonds included in the index.",1262615400,1800,63.4821,60.15,-14400000,,1816250,60.38,EDT,,0.0,Long Government,71.52,ETF,60.245,1816250,1266147,-0.0013585,60.15,finmb_81834816,11605756928,,1783530,b8e15924-edd7-373d-ab77-133d2f97f5fa,1266147,,-0.1440823,-0.0154182995,60.4964,America/New_York,,1280448000,60.28,60.245,USD,Vanguard,60.4964,57.04,2.02,0.0,,2,60.28,86400,VGLT,Vanguard Long-Term Treasury ETF,VGLT,3100,Vanguard Long-Term Treasury Index Fund,Exchange Traded Fund,NGM
0.0425,50.3872,The fund invests at least 80% of its total assets (exclusive of collateral held from securities lending) in the component securities of the index and investments that have economic characteristics that are substantially identical to the economic characteristics of such component securities. The index is designed to measure the performance of floating rate public obligations of the U.S. Treasury. The fund is non-diversified.,1391524200,36100,50.34355,50.39,-14400000,866-909-9473,3566610,50.38999,EDT,,50.4,Ultrashort Bond,50.5,ETF,50.39,3566610,2815385,0.0317493,50.39,finmb_254240947,17158458368,,3997279,c1df0a7b-457e-36dd-9a76-4bda0e7d5585,2815385,0.0,0.0167711,0.0168179,50.41,America/New_York,0.0,1391472000,50.4,50.39,USD,WisdomTree,50.41,50.2,-0.01,50.44,,2,50.4,86400,USFR,WisdomTree Floating Rate Treasu,USFR,39400,WisdomTree Floating Rate Treasury Fund,Exchange Traded Fund,PCX
0.0345,109.2756,"The fund will invest at least 80% of its assets in the component securities of the underlying index, and the fund will invest at least 90% of its assets in U.S. Treasury securities that the advisor believes will help the fund track the underlying index. It seeks to track the investment results of the underlying index which measures the performance of public obligations of the U.S. Treasury that have a remaining maturity of greater than or equal to ten years and less than twenty years.",1168525800,1200,110.87265,106.0,-14400000,1-800-474-2737,890980,106.2916,EDT,,104.91,Long Government,122.45,ETF,106.11,890980,426251,0.0047569,106.0,finmb_31130868,7163065344,,767685,43b38bf4-8301-36bb-925d-592337154fe1,426251,0.0,-0.12337539,-0.0159346,106.54,America/New_York,0.0,1167955200,106.13,106.11,USD,iShares,106.54,100.69,1.83,0.0,,2,106.13,86400,TLH,iShares 10-20 Year Treasury Bon,TLH,800,iShares 10-20 Year Treasury Bond ETF,Exchange Traded Fund,PCX
0.0336,84.3628,"The advisor employs an indexing investment approach designed to track the performance of the Bloomberg U.S. Treasury STRIPS 20-30 Year Equal Par Bond Index. This index includes zero-coupon U.S. Treasury securities (Treasury STRIPS), which are backed by the full faith and credit of the U.S. government, with maturities ranging from 20 to 30 years. The fund invests by sampling the index. At least 80% of it's assets will be invested in U.S. Treasury securities held in the index.",1201617000,800,86.4561,78.93,-14400000,,627970,79.21,EDT,,77.4,Long Government,101.91,ETF,79.13,627970,171437,-0.0237327,78.93,finmb_39505632,3032856832,,364248,33c266a8-04c2-3bb4-bea5-149e50430302,171437,0.0,-0.2022835,-0.0349263,79.72,America/New_York,0.0,1196899200,79.13,79.13,USD,Vanguard,79.72,73.68,2.67,83.98,,2,79.13,86400,EDV,Vanguard Extended Duration Trea,EDV,900,Vanguard Extended Duration Treasury Index Fund,Exchange Traded Fund,PCX
0.0354,100.416,The fund will invest at least 80% of its assets in the component securities of the underlying index and it will invest at least 90% of its assets in U.S. Treasury securities that BFA believes will help the fund track the underlying index. The index measures the performance of public obligations of the U.S. Treasury that have a remaining maturity of less than or equal to three months.,1591018200,21500,100.3271,100.3,-14400000,1-800-474-2737,2445820,100.30281,EDT,,100.32,Ultrashort Bond,100.64,ETF,100.32,2445820,1890704,0.0293673,100.3,finmb_662509181,12048430080,,2228593,9d20c4a7-2b88-3009-a3a5-362d61bfc0b6,1890704,,0.015203101,,100.33,America/New_York,,1590451200,100.33,100.32,USD,iShares,100.33,99.96,0.0,100.38,,2,100.33,86400,SGOV,iShares 0-3 Month Treasury Bond,SGOV,45100,iShares 0-3 Month Treasury Bond ETF,Exchange Traded Fund,PCX
0.0363,105.5119,"The fund generally will invest at least 80% of its total assets in the components of the index. The index is designed to measure the performance of U.S. Treasury Obligations with a maximum remaining maturity of less than or equal to 12 months. ""U.S. Treasury Obligations"" refer to securities issued or guaranteed by the U.S. Treasury where the payment of principal and interest is backed by the full faith and credit of the U.S. government. They include U.S. Treasury notes, bills and bonds.",1485181800,28000,105.46821,105.57,-14400000,,160150,105.56,EDT,,0.0,Ultrashort Bond,105.82,ETF,105.5801,160150,60634,0.0273154,105.57,finmb_376363824,1352577152,,121061,5b40b462-137d-33bb-9ff0-4523ff974498,60634,0.0,0.0128192,0.0159445,105.59,America/New_York,0.0,1484006400,105.59,105.5801,USD,Invesco,105.59,104.81,0.02,0.0,,2,105.59,86400,CLTL,Invesco Treasury Collateral ETF,CLTL,1000,Invesco Treasury Collateral ETF,Exchange Traded Fund,PCX
0.0312,20.73364,"Under normal market conditions, the fund invests at least 80% of its net assets in direct obligations of the U.S. Treasury, including Treasury bonds, bills, notes and Treasury Inflation-Protected Securities (TIPS), and investments that provide exposure to direct obligations of the U.S. Treasury. The fund may invest in U.S. Treasury securities of any maturity and intends to primarily focus on U.S. Treasury securities with a remaining maturity of between 1-30 years.",1591882200,4000,20.91426,20.5305,-14400000,,130410,20.54,EDT,,0.0,Intermediate Government,21.94,ETF,20.5372,130410,22235,0.0118895,20.5305,finmb_661398896,435831328,,47100,3d880eff-1c9c-31e4-8bf2-c87a2f743b2c,22235,0.0,-0.0488799,,20.5699,America/New_York,0.0,1591660800,20.5372,20.5372,USD,Franklin Templeton Investments,20.5699,20.275,0.8,20.56,,2,20.5372,86400,FLGV,Franklin U.S. Treasury Bond ETF,FLGV,4000,Franklin U.S. Treasury Bond ETF,Exchange Traded Fund,PCX
0.0381,50.5656,The fund will invest at least 80% of its assets in the component securities of the underlying index and will invest at least 90% of its assets in U.S. Treasury securities that BFA believes will help the fund track the underlying index. The underlying index is a market capitalization-weighted index that measures the performance of floating rate public obligations of the U.S. Treasury.,1391524200,40700,50.50255,50.56,-14400000,1-800-474-2737,2533430,50.55104,EDT,,50.59,Ultrashort Bond,50.68,ETF,50.57,2533430,3549642,0.0304748,50.56,finmb_253511354,9517401088,,2850295,e2023c9b-d1ea-3a6a-b8d1-b22f7ec270c1,3549642,,0.016642801,0.0164934,50.58,America/New_York,,1391472000,50.57,50.57,USD,iShares,50.58,50.28,-0.01,50.6,,2,50.57,86400,TFLO,iShares Treasury Floating Rate ,TFLO,28000,iShares Treasury Floating Rate Bond ETF,Exchange Traded Fund,PCX
0.031600002,88.8256,"The fund invests at least 80% of its total assets (exclusive of collateral held from securities lending) in the component securities of the ICE BofA Long US Treasury Principal STRIPS Index (the ""underlying index""). The underlying index is an unmanaged index comprised of long maturity Separate Trading of Registered Interest and Principal of Securities (""STRIPS"") representing the final principal payment of U.S. Treasury bonds.",1257345000,800,91.307,82.51,-14400000,,254550,83.26,EDT,,0.0,Long Government,110.65,ETF,82.81,254550,182319,-0.030360999,82.51,finmb_79086087,919967744,,215437,a06ae82e-c6bb-3f8b-ae61-d44d4ccf0bcd,182319,0.0,-0.2137716,-0.0367776,83.37,America/New_York,0.0,1256860800,82.81,82.81,USD,PIMCO,83.37,77.51,2.78,85.3,,2,82.81,86400,ZROZ,PIMCO 25  Year Zero Coupon U.S.,ZROZ,1100,PIMCO 25+ Year Zero Coupon U.S. Treasury Index Exchange-Traded Fund,Exchange Traded Fund,PCX
0.024,28.978,"The fund generally will invest at least 80% of its total assets in the components of the index. Strictly in accordance with its guidelines and mandated procedures, Nasdaq, Inc. oversees the index, which seeks to measure the potential returns of a theoretical portfolio of U.S. Treasury securities with a yield curve based upon 30 distinct annual maturities.",1192109400,4000,29.2791,28.35,-14400000,,71660,28.41,EDT,,0.0,Long Government,31.74,ETF,28.3693,71660,79769,0.0034935998,28.35,finmb_37982787,653424320,,83433,8e1dd0fd-69ba-3e1c-b05f-c7f3a2fe8032,79769,,-0.0941938,-0.0034952,28.43,America/New_York,,1192060800,28.38,28.3693,USD,Invesco,28.43,27.35,1.41,0.0,,2,28.38,86400,PLW,Invesco 1-30 Laddered Treasury ,PLW,4000,Invesco 1-30 Laddered Treasury ETF,Exchange Traded Fund,NGM
0.0,180.526,"The Trust holds gold bars and from time to time, issues Baskets in exchange for deposits of gold and distributes gold in connection with redemptions of Baskets. The investment objective of the Trust is for the Shares to reflect the performance of the price of gold bullion, less the Trust’s expenses. The Sponsor believes that, for many investors, the Shares represent a cost-effective investment in gold.",1100788200,3000,175.7282,178.64,-14400000,,5477210,178.45895,EDT,,178.12,,191.36,ETF,177.78,5477210,4590374,0.048042897,178.64,finmb_5600649,57822425088,,5980829,b8aa1c71-9a1e-30a9-98e6-c05878a4fef3,4590374,0.0,-0.023283,0.0915371,178.92,America/New_York,0.0,1100736000,178.68,177.78,USD,SPDR State Street Global Advisors,178.92,150.57,0.12,178.29,,2,178.68,86400,GLD,SPDR Gold Trust,GLD,1400,SPDR Gold Shares,Exchange Traded Fund,PCX
0.0,28.19504,"The Barclays WTI Crude Oil Pure Beta Total Return Index (the ""index"") reflects the returns that are potentially available through an unleveraged investment in the futures contracts in the Crude Oil markets. The index may roll into one of a number of futures contracts with varying expiration dates, as selected using the Barclays Pure Beta Series 2 Methodology.",1303306200,3000,29.187346,28.15,-14400000,+65 6 308 3000,0,28.1961,EDT,,0.0,,34.33,ETF,28.1044,0,10303,-0.0681967,28.15,finmb_130399866,52642328,,15083,a2eba965-6295-3c28-99d3-d5259d9b36de,10303,,0.3050988,0.0688742,28.4498,America/New_York,,1303257600,28.31,28.1044,USD,Barclays,28.4498,25.31,1.34,0.0,-49.0,2,28.31,86400,OIL,iPath Pure Beta Crude Oil ETN,OIL,1200,iPath Pure Beta Crude Oil ETN,Exchange Traded Fund,PCX
0.0,20.152,"The Trust holds long positions in index futures that have settlement values at expiration based on the level of the S&P GSCI-ER at that time, and earning interest on its non-cash Collateral Assets used to satisfy applicable margin requirements on those index futures positions. The index reflects the return of the S&P GSCI-ER, together with the return on specified U.S. Treasury securities that are deemed to have been held to collateralize a hypothetical long position in the futures contracts comprising the S&P GSCI™.",1153488600,1000,20.44875,21.5,-14400000,,683430,21.80001,EDT,4.8337026,0.0,Commodities Broad Basket,23.54,ETF,21.61,683430,618840,0.0268488,21.5,finmb_23246157,1086643072,,380250,e16fd1f3-2044-32f6-a817-b946066a3fdb,618840,0.0,0.259536,0.0513684,21.84,America/New_York,0.0,1152489600,21.71,21.61,USD,iShares,21.84,18.65,1.12,0.0,,2,21.71,86400,GSG,iShares GSCI Commodity-Indexed ,GSG,36200,iShares S&P GSCI Commodity-Indexed Trust,Exchange Traded Fund,PCX
